Sample:float;Data:float
"326400.0";"8.300932884216309"
"326401.0";"8.264458656311035"
"326402.0";"8.466965675354004"
"326403.0";"9.001502990722656"
"326404.0";"9.119050025939941"
"326405.0";"9.19902515411377"
"326406.0";"9.07536792755127"
"326407.0";"9.304522514343262"
"326408.0";"9.587801933288574"
"326409.0";"9.130824089050293"
"326410.0";"9.343635559082031"
"326411.0";"9.475852012634277"
"326412.0";"9.451457977294922"
"326413.0";"9.8088960647583"
"326414.0";"9.820679664611816"
"326415.0";"9.587170600891113"
"326416.0";"10.380732536315918"
"326417.0";"10.425545692443848"
"326418.0";"10.150620460510254"
"326419.0";"9.824934959411621"
"326420.0";"10.740660667419434"
"326421.0";"11.560091972351074"
"326422.0";"11.620604515075684"
"326423.0";"10.929438591003418"
"326424.0";"11.334195137023926"
"326425.0";"11.224892616271973"
"326426.0";"11.960967063903809"
"326427.0";"11.982333183288574"
"326428.0";"12.338507652282715"
"326429.0";"12.715119361877441"
"326430.0";"13.003018379211426"
"326431.0";"13.360671043395996"
"326432.0";"13.106629371643066"
"326433.0";"13.792537689208984"
"326434.0";"14.773006439208984"
"326435.0";"14.663628578186035"
"326436.0";"15.291175842285156"
"326437.0";"16.19849395751953"
"326438.0";"17.002307891845703"
"326439.0";"17.29637336730957"
"326440.0";"17.192955017089844"
"326441.0";"19.13477897644043"
"326442.0";"20.226306915283203"
"326443.0";"19.20005226135254"
"326444.0";"19.190258026123047"
"326445.0";"21.204301834106445"
"326446.0";"21.3633975982666"
"326447.0";"20.45765495300293"
"326448.0";"21.91105842590332"
"326449.0";"22.096210479736328"
"326450.0";"18.511037826538086"
"326451.0";"18.56844711303711"
"326452.0";"19.880842208862305"
"326453.0";"15.691227912902832"
"326454.0";"12.409185409545898"
"326455.0";"11.433510780334473"
"326456.0";"9.63412857055664"
"326457.0";"6.063371181488037"
"326458.0";"3.7125015258789062"
"326459.0";"2.6377041339874268"
"326460.0";"0.001850128173828125"
"326461.0";"-1.2852554321289062"
"326462.0";"-1.2837415933609009"
"326463.0";"-2.5794761180877686"
"326464.0";"-3.9186222553253174"
"326465.0";"-4.57012939453125"
"326466.0";"-5.285433292388916"
"326467.0";"-6.067592144012451"
"326468.0";"-6.216823577880859"
"326469.0";"-6.404903411865234"
"326470.0";"-7.042246341705322"
"326471.0";"-7.387428283691406"
"326472.0";"-7.132480144500732"
"326473.0";"-7.566009998321533"
"326474.0";"-7.955196380615234"
"326475.0";"-7.980223178863525"
"326476.0";"-8.277573585510254"
"326477.0";"-8.322226524353027"
"326478.0";"-8.497258186340332"
"326479.0";"-8.847443580627441"
"326480.0";"-8.906331062316895"
"326481.0";"-8.601348876953125"
"326482.0";"-9.261761665344238"
"326483.0";"-9.309588432312012"
"326484.0";"-8.965699195861816"
"326485.0";"-9.173819541931152"
"326486.0";"-9.378046989440918"
"326487.0";"-9.558402061462402"
"326488.0";"-9.334846496582031"
"326489.0";"-9.55330753326416"
"326490.0";"-9.946120262145996"
"326491.0";"-10.261775016784668"
"326492.0";"-10.126992225646973"
"326493.0";"-10.147014617919922"
"326494.0";"-10.67604923248291"
"326495.0";"-11.065277099609375"
"326496.0";"-10.86662769317627"
"326497.0";"-10.906088829040527"
"326498.0";"-11.363611221313477"
"326499.0";"-11.46513557434082"
"326500.0";"-11.640938758850098"
"326501.0";"-11.637036323547363"
"326502.0";"-11.939772605895996"
"326503.0";"-12.3814058303833"
"326504.0";"-12.410876274108887"
"326505.0";"-12.786465644836426"
"326506.0";"-13.150933265686035"
"326507.0";"-13.811878204345703"
"326508.0";"-13.992304801940918"
"326509.0";"-14.377702713012695"
"326510.0";"-14.95579719543457"
"326511.0";"-15.51978874206543"
"326512.0";"-16.051971435546875"
"326513.0";"-15.983307838439941"
"326514.0";"-17.345308303833008"
"326515.0";"-18.212953567504883"
"326516.0";"-18.14443588256836"
"326517.0";"-18.772748947143555"
"326518.0";"-20.311607360839844"
"326519.0";"-19.512556076049805"
"326520.0";"-19.84918975830078"
"326521.0";"-19.37645721435547"
"326522.0";"-20.46132469177246"
"326523.0";"-21.514446258544922"
"326524.0";"-20.718278884887695"
"326525.0";"-20.092485427856445"
"326526.0";"-18.391550064086914"
"326527.0";"-15.920461654663086"
"326528.0";"-13.755149841308594"
"326529.0";"-13.723281860351562"
"326530.0";"-12.705074310302734"
"326531.0";"-9.28320026397705"
"326532.0";"-5.233987331390381"
"326533.0";"-3.4416141510009766"
"326534.0";"-1.5628877878189087"
"326535.0";"-0.7753689885139465"
"326536.0";"0.5762513279914856"
"326537.0";"2.1091721057891846"
"326538.0";"3.970548152923584"
"326539.0";"3.970548152923584"
"326540.0";"4.908989429473877"
"326541.0";"6.383296489715576"
"326542.0";"6.734468460083008"
"326543.0";"6.522850036621094"
"326544.0";"6.751689910888672"
"326545.0";"7.612914562225342"
"326546.0";"8.131003379821777"
"326547.0";"7.734884262084961"
"326548.0";"7.584312915802002"
"326549.0";"8.64350700378418"
"326550.0";"8.354294776916504"
"326551.0";"8.069072723388672"
"326552.0";"8.234107971191406"
"326553.0";"8.84195327758789"
"326554.0";"9.080208778381348"
"326555.0";"8.596159934997559"
"326556.0";"9.071747779846191"
"326557.0";"9.441322326660156"
"326558.0";"9.644622802734375"
"326559.0";"9.342326164245605"
"326560.0";"9.158652305603027"
"326561.0";"9.543895721435547"
"326562.0";"10.251931190490723"
"326563.0";"9.65487003326416"
"326564.0";"9.65487003326416"
"326565.0";"9.95156478881836"
"326566.0";"10.407713890075684"
"326567.0";"10.25791072845459"
"326568.0";"10.05899715423584"
"326569.0";"10.762764930725098"
"326570.0";"11.064777374267578"
"326571.0";"10.92941665649414"
"326572.0";"10.99775218963623"
"326573.0";"11.371745109558105"
"326574.0";"11.707552909851074"
"326575.0";"11.426146507263184"
"326576.0";"11.815108299255371"
"326577.0";"11.88042163848877"
"326578.0";"12.579337120056152"
"326579.0";"12.309577941894531"
"326580.0";"11.928513526916504"
"326581.0";"13.620898246765137"
"326582.0";"13.666108131408691"
"326583.0";"14.276700019836426"
"326584.0";"14.553832054138184"
"326585.0";"15.158465385437012"
"326586.0";"14.36948299407959"
"326587.0";"16.253028869628906"
"326588.0";"17.044994354248047"
"326589.0";"17.68351936340332"
"326590.0";"17.062517166137695"
"326591.0";"18.558828353881836"
"326592.0";"18.786720275878906"
"326593.0";"19.222379684448242"
"326594.0";"19.796161651611328"
"326595.0";"20.982213973999023"
"326596.0";"20.65620231628418"
"326597.0";"20.43692970275879"
"326598.0";"21.747949600219727"
"326599.0";"22.505355834960938"
"326600.0";"20.398122787475586"
"326601.0";"19.514041900634766"
"326602.0";"18.97400665283203"
"326603.0";"15.01417064666748"
"326604.0";"14.546893119812012"
"326605.0";"13.01387882232666"
"326606.0";"9.250116348266602"
"326607.0";"5.717286586761475"
"326608.0";"5.313371658325195"
"326609.0";"3.234156370162964"
"326610.0";"0.7807700037956238"
"326611.0";"-0.21175003051757812"
"326612.0";"-1.9953504800796509"
"326613.0";"-2.34863018989563"
"326614.0";"-2.2441585063934326"
"326615.0";"-3.417631149291992"
"326616.0";"-6.1715922355651855"
"326617.0";"-6.156316757202148"
"326618.0";"-5.09313440322876"
"326619.0";"-5.625864505767822"
"326620.0";"-7.286417484283447"
"326621.0";"-8.00584888458252"
"326622.0";"-7.180725574493408"
"326623.0";"-7.097557544708252"
"326624.0";"-7.537160873413086"
"326625.0";"-8.16018295288086"
"326626.0";"-8.07268238067627"
"326627.0";"-8.285799980163574"
"326628.0";"-8.609076499938965"
"326629.0";"-8.862956047058105"
"326630.0";"-9.36903190612793"
"326631.0";"-8.66212272644043"
"326632.0";"-8.305665016174316"
"326633.0";"-9.192625999450684"
"326634.0";"-9.435598373413086"
"326635.0";"-9.299972534179688"
"326636.0";"-9.3930082321167"
"326637.0";"-9.494444847106934"
"326638.0";"-9.722683906555176"
"326639.0";"-9.8351469039917"
"326640.0";"-9.892592430114746"
"326641.0";"-9.878006935119629"
"326642.0";"-9.773829460144043"
"326643.0";"-10.764595031738281"
"326644.0";"-10.457612037658691"
"326645.0";"-10.963849067687988"
"326646.0";"-10.890312194824219"
"326647.0";"-10.868016242980957"
"326648.0";"-10.819413185119629"
"326649.0";"-11.416230201721191"
"326650.0";"-11.751922607421875"
"326651.0";"-11.554893493652344"
"326652.0";"-11.677035331726074"
"326653.0";"-12.147908210754395"
"326654.0";"-12.552022933959961"
"326655.0";"-12.459519386291504"
"326656.0";"-12.917570114135742"
"326657.0";"-13.573485374450684"
"326658.0";"-13.638362884521484"
"326659.0";"-13.638362884521484"
"326660.0";"-14.28026294708252"
"326661.0";"-15.476405143737793"
"326662.0";"-15.90997314453125"
"326663.0";"-15.978076934814453"
"326664.0";"-16.952075958251953"
"326665.0";"-17.876358032226562"
"326666.0";"-18.129695892333984"
"326667.0";"-18.78464126586914"
"326668.0";"-18.448163986206055"
"326669.0";"-18.960344314575195"
"326670.0";"-20.192169189453125"
"326671.0";"-20.311059951782227"
"326672.0";"-21.077314376831055"
"326673.0";"-21.187725067138672"
"326674.0";"-18.958393096923828"
"326675.0";"-18.958393096923828"
"326676.0";"-18.92717742919922"
"326677.0";"-17.936708450317383"
"326678.0";"-15.578948974609375"
"326679.0";"-13.63088321685791"
"326680.0";"-12.682849884033203"
"326681.0";"-9.883983612060547"
"326682.0";"-6.143932342529297"
"326683.0";"-4.352121829986572"
"326684.0";"-3.0915019512176514"
"326685.0";"-1.379171371459961"
"326686.0";"0.3907540738582611"
"326687.0";"1.7118778228759766"
"326688.0";"2.455660581588745"
"326689.0";"2.9599227905273438"
"326690.0";"4.460291385650635"
"326691.0";"6.053899765014648"
"326692.0";"6.336021900177002"
"326693.0";"6.257569789886475"
"326694.0";"6.806736469268799"
"326695.0";"7.530960559844971"
"326696.0";"7.652166366577148"
"326697.0";"7.858975887298584"
"326698.0";"7.998067855834961"
"326699.0";"7.9840989112854"
"326700.0";"8.391873359680176"
"326701.0";"8.596797943115234"
"326702.0";"8.50627613067627"
"326703.0";"8.468395233154297"
"326704.0";"9.172183990478516"
"326705.0";"9.192313194274902"
"326706.0";"9.056922912597656"
"326707.0";"9.04748249053955"
"326708.0";"9.538472175598145"
"326709.0";"9.533867835998535"
"326710.0";"9.567137718200684"
"326711.0";"9.407156944274902"
"326712.0";"9.69912052154541"
"326713.0";"9.630168914794922"
"326714.0";"9.669231414794922"
"326715.0";"9.796180725097656"
"326716.0";"10.37872314453125"
"326717.0";"10.18409252166748"
"326718.0";"10.378296852111816"
"326719.0";"10.490548133850098"
"326720.0";"10.574162483215332"
"326721.0";"10.467972755432129"
"326722.0";"10.988253593444824"
"326723.0";"11.817914009094238"
"326724.0";"11.459519386291504"
"326725.0";"11.169478416442871"
"326726.0";"11.849503517150879"
"326727.0";"12.028656005859375"
"326728.0";"12.039904594421387"
"326729.0";"12.900918006896973"
"326730.0";"12.871868133544922"
"326731.0";"13.274060249328613"
"326732.0";"13.04299259185791"
"326733.0";"13.938933372497559"
"326734.0";"13.847277641296387"
"326735.0";"15.094603538513184"
"326736.0";"15.36794662475586"
"326737.0";"16.11724853515625"
"326738.0";"16.239282608032227"
"326739.0";"16.906478881835938"
"326740.0";"17.695587158203125"
"326741.0";"18.371341705322266"
"326742.0";"18.99444007873535"
"326743.0";"19.92845344543457"
"326744.0";"19.9277400970459"
"326745.0";"19.8293399810791"
"326746.0";"20.598196029663086"
"326747.0";"22.140621185302734"
"326748.0";"21.75881004333496"
"326749.0";"20.29622459411621"
"326750.0";"20.92206382751465"
"326751.0";"20.79134750366211"
"326752.0";"17.031251907348633"
"326753.0";"15.982030868530273"
"326754.0";"15.591143608093262"
"326755.0";"11.74935531616211"
"326756.0";"8.782480239868164"
"326757.0";"7.9154534339904785"
"326758.0";"5.765608310699463"
"326759.0";"1.286690354347229"
"326760.0";"1.3651052713394165"
"326761.0";"-0.06448490917682648"
"326762.0";"-1.9620252847671509"
"326763.0";"-1.9567331075668335"
"326764.0";"-2.829998731613159"
"326765.0";"-4.234719753265381"
"326766.0";"-5.92555570602417"
"326767.0";"-4.804595470428467"
"326768.0";"-5.616816997528076"
"326769.0";"-6.2787017822265625"
"326770.0";"-7.314248561859131"
"326771.0";"-7.196264743804932"
"326772.0";"-7.021235942840576"
"326773.0";"-7.756533145904541"
"326774.0";"-8.01671028137207"
"326775.0";"-8.37549114227295"
"326776.0";"-7.380002975463867"
"326777.0";"-8.120744705200195"
"326778.0";"-8.821391105651855"
"326779.0";"-8.343521118164062"
"326780.0";"-8.64366340637207"
"326781.0";"-9.050824165344238"
"326782.0";"-8.775994300842285"
"326783.0";"-9.11110782623291"
"326784.0";"-9.6345853805542"
"326785.0";"-9.615350723266602"
"326786.0";"-9.247061729431152"
"326787.0";"-9.40190601348877"
"326788.0";"-8.69995403289795"
"326789.0";"-10.2228364944458"
"326790.0";"-10.271855354309082"
"326791.0";"-10.218350410461426"
"326792.0";"-9.490477561950684"
"326793.0";"-10.578986167907715"
"326794.0";"-10.895085334777832"
"326795.0";"-10.4336576461792"
"326796.0";"-10.239344596862793"
"326797.0";"-10.242239952087402"
"326798.0";"-11.794678688049316"
"326799.0";"-11.88205337524414"
"326800.0";"-10.909184455871582"
"326801.0";"-10.942679405212402"
"326802.0";"-12.244159698486328"
"326803.0";"-13.28320598602295"
"326804.0";"-12.07631778717041"
"326805.0";"-11.936457633972168"
"326806.0";"-13.3638277053833"
"326807.0";"-13.9410982131958"
"326808.0";"-13.749728202819824"
"326809.0";"-13.886405944824219"
"326810.0";"-15.15514850616455"
"326811.0";"-16.233516693115234"
"326812.0";"-15.117369651794434"
"326813.0";"-15.361177444458008"
"326814.0";"-17.607879638671875"
"326815.0";"-18.149166107177734"
"326816.0";"-17.876907348632812"
"326817.0";"-19.233871459960938"
"326818.0";"-19.581953048706055"
"326819.0";"-17.970115661621094"
"326820.0";"-19.315202713012695"
"326821.0";"-21.806123733520508"
"326822.0";"-21.315019607543945"
"326823.0";"-20.22919464111328"
"326824.0";"-20.102806091308594"
"326825.0";"-20.07680892944336"
"326826.0";"-18.06816291809082"
"326827.0";"-17.25166130065918"
"326828.0";"-16.31559944152832"
"326829.0";"-13.96119213104248"
"326830.0";"-10.983258247375488"
"326831.0";"-10.835993766784668"
"326832.0";"-8.479774475097656"
"326833.0";"-3.242626905441284"
"326834.0";"-1.8305352926254272"
"326835.0";"-1.6323661804199219"
"326836.0";"-0.4765033721923828"
"326837.0";"1.9258447885513306"
"326838.0";"2.580742597579956"
"326839.0";"2.762042999267578"
"326840.0";"4.432338237762451"
"326841.0";"6.237859725952148"
"326842.0";"5.916065216064453"
"326843.0";"5.942840099334717"
"326844.0";"7.3089165687561035"
"326845.0";"7.761510372161865"
"326846.0";"7.494312286376953"
"326847.0";"7.233837127685547"
"326848.0";"8.210874557495117"
"326849.0";"8.555578231811523"
"326850.0";"8.227485656738281"
"326851.0";"7.8827056884765625"
"326852.0";"8.491621971130371"
"326853.0";"9.497882843017578"
"326854.0";"9.285812377929688"
"326855.0";"8.429683685302734"
"326856.0";"8.838467597961426"
"326857.0";"9.602264404296875"
"326858.0";"9.275498390197754"
"326859.0";"9.261703491210938"
"326860.0";"8.987659454345703"
"326861.0";"9.717957496643066"
"326862.0";"9.581756591796875"
"326863.0";"10.113044738769531"
"326864.0";"9.45063304901123"
"326865.0";"10.028888702392578"
"326866.0";"10.326642036437988"
"326867.0";"10.043388366699219"
"326868.0";"9.956284523010254"
"326869.0";"10.53862476348877"
"326870.0";"10.860893249511719"
"326871.0";"10.651822090148926"
"326872.0";"10.73422908782959"
"326873.0";"11.493327140808105"
"326874.0";"11.445462226867676"
"326875.0";"11.567395210266113"
"326876.0";"11.989012718200684"
"326877.0";"12.024218559265137"
"326878.0";"11.841736793518066"
"326879.0";"12.342605590820312"
"326880.0";"12.964144706726074"
"326881.0";"13.086787223815918"
"326882.0";"13.397499084472656"
"326883.0";"13.796592712402344"
"326884.0";"14.228850364685059"
"326885.0";"14.994332313537598"
"326886.0";"14.97989273071289"
"326887.0";"16.33870506286621"
"326888.0";"16.802167892456055"
"326889.0";"16.849159240722656"
"326890.0";"17.4365291595459"
"326891.0";"18.4039306640625"
"326892.0";"19.599031448364258"
"326893.0";"20.31390953063965"
"326894.0";"19.31385612487793"
"326895.0";"21.498281478881836"
"326896.0";"20.783584594726562"
"326897.0";"20.46422004699707"
"326898.0";"21.530662536621094"
"326899.0";"21.69566535949707"
"326900.0";"18.464818954467773"
"326901.0";"20.64702796936035"
"326902.0";"22.000797271728516"
"326903.0";"16.16818618774414"
"326904.0";"13.193472862243652"
"326905.0";"14.160271644592285"
"326906.0";"10.545390129089355"
"326907.0";"7.114587783813477"
"326908.0";"7.2046966552734375"
"326909.0";"4.867746829986572"
"326910.0";"-0.09622317552566528"
"326911.0";"-0.5977300405502319"
"326912.0";"0.054264068603515625"
"326913.0";"-2.452787399291992"
"326914.0";"-3.0213749408721924"
"326915.0";"-2.9841461181640625"
"326916.0";"-4.683033466339111"
"326917.0";"-6.077208995819092"
"326918.0";"-6.3249192237854"
"326919.0";"-5.497346878051758"
"326920.0";"-6.692251205444336"
"326921.0";"-7.22959566116333"
"326922.0";"-7.725683212280273"
"326923.0";"-7.017518997192383"
"326924.0";"-7.734278202056885"
"326925.0";"-7.9250969886779785"
"326926.0";"-8.394181251525879"
"326927.0";"-8.147673606872559"
"326928.0";"-8.384931564331055"
"326929.0";"-8.038908958435059"
"326930.0";"-8.936371803283691"
"326931.0";"-8.751829147338867"
"326932.0";"-9.162827491760254"
"326933.0";"-8.877341270446777"
"326934.0";"-8.994750022888184"
"326935.0";"-9.202788352966309"
"326936.0";"-9.490236282348633"
"326937.0";"-9.334080696105957"
"326938.0";"-9.713044166564941"
"326939.0";"-9.717745780944824"
"326940.0";"-9.694287300109863"
"326941.0";"-10.1161470413208"
"326942.0";"-10.636272430419922"
"326943.0";"-9.747787475585938"
"326944.0";"-10.243956565856934"
"326945.0";"-10.283713340759277"
"326946.0";"-11.055211067199707"
"326947.0";"-11.113762855529785"
"326948.0";"-11.465749740600586"
"326949.0";"-10.640135765075684"
"326950.0";"-11.490912437438965"
"326951.0";"-12.66793155670166"
"326952.0";"-11.4095458984375"
"326953.0";"-10.82439136505127"
"326954.0";"-12.30526065826416"
"326955.0";"-13.83307933807373"
"326956.0";"-12.780290603637695"
"326957.0";"-12.141407012939453"
"326958.0";"-14.035355567932129"
"326959.0";"-15.289151191711426"
"326960.0";"-14.706770896911621"
"326961.0";"-13.756403923034668"
"326962.0";"-16.19585609436035"
"326963.0";"-17.377487182617188"
"326964.0";"-16.751455307006836"
"326965.0";"-16.658658981323242"
"326966.0";"-17.406749725341797"
"326967.0";"-18.327098846435547"
"326968.0";"-18.384674072265625"
"326969.0";"-19.459653854370117"
"326970.0";"-20.661518096923828"
"326971.0";"-19.952497482299805"
"326972.0";"-19.620195388793945"
"326973.0";"-20.01101303100586"
"326974.0";"-20.53289222717285"
"326975.0";"-20.163366317749023"
"326976.0";"-20.725980758666992"
"326977.0";"-18.697587966918945"
"326978.0";"-14.947131156921387"
"326979.0";"-12.378520011901855"
"326980.0";"-12.588921546936035"
"326981.0";"-12.39853572845459"
"326982.0";"-8.665702819824219"
"326983.0";"-4.601100921630859"
"326984.0";"-2.7107810974121094"
"326985.0";"-1.2333043813705444"
"326986.0";"-0.6168906092643738"
"326987.0";"0.5106683969497681"
"326988.0";"2.4451191425323486"
"326989.0";"3.472771406173706"
"326990.0";"2.9076526165008545"
"326991.0";"5.089120864868164"
"326992.0";"6.9058403968811035"
"326993.0";"6.670028209686279"
"326994.0";"5.869078159332275"
"326995.0";"6.7432708740234375"
"326996.0";"8.014544486999512"
"326997.0";"8.08255386352539"
"326998.0";"7.405202865600586"
"326999.0";"7.507125377655029"
"327000.0";"8.790446281433105"
"327001.0";"8.878945350646973"
"327002.0";"8.365878105163574"
"327003.0";"7.801583766937256"
"327004.0";"8.755016326904297"
"327005.0";"9.289828300476074"
"327006.0";"8.640235900878906"
"327007.0";"9.16434097290039"
"327008.0";"9.513816833496094"
"327009.0";"9.5716552734375"
"327010.0";"9.534454345703125"
"327011.0";"9.29382610321045"
"327012.0";"9.840045928955078"
"327013.0";"10.010398864746094"
"327014.0";"9.913788795471191"
"327015.0";"9.600154876708984"
"327016.0";"10.02942943572998"
"327017.0";"10.163640022277832"
"327018.0";"10.243224143981934"
"327019.0";"10.281646728515625"
"327020.0";"10.742857933044434"
"327021.0";"10.796974182128906"
"327022.0";"11.19385051727295"
"327023.0";"11.572501182556152"
"327024.0";"11.31787109375"
"327025.0";"11.825984001159668"
"327026.0";"11.065204620361328"
"327027.0";"11.616753578186035"
"327028.0";"12.224122047424316"
"327029.0";"12.034161567687988"
"327030.0";"12.430155754089355"
"327031.0";"12.619263648986816"
"327032.0";"13.893505096435547"
"327033.0";"13.698596954345703"
"327034.0";"13.50023365020752"
"327035.0";"14.454577445983887"
"327036.0";"15.066650390625"
"327037.0";"15.610367774963379"
"327038.0";"16.638341903686523"
"327039.0";"16.50295639038086"
"327040.0";"16.84284782409668"
"327041.0";"18.1560001373291"
"327042.0";"19.44706916809082"
"327043.0";"19.409561157226562"
"327044.0";"19.763593673706055"
"327045.0";"20.397794723510742"
"327046.0";"20.860132217407227"
"327047.0";"20.65518569946289"
"327048.0";"20.841230392456055"
"327049.0";"22.21063804626465"
"327050.0";"21.58387565612793"
"327051.0";"18.137609481811523"
"327052.0";"18.488706588745117"
"327053.0";"19.749895095825195"
"327054.0";"15.024250984191895"
"327055.0";"11.631505966186523"
"327056.0";"10.72376537322998"
"327057.0";"8.320280075073242"
"327058.0";"5.380885601043701"
"327059.0";"4.168323040008545"
"327060.0";"1.904015302658081"
"327061.0";"-0.4693164825439453"
"327062.0";"-1.2625268697738647"
"327063.0";"-1.9207910299301147"
"327064.0";"-2.541241407394409"
"327065.0";"-3.7400882244110107"
"327066.0";"-4.812929630279541"
"327067.0";"-5.333279132843018"
"327068.0";"-5.718273639678955"
"327069.0";"-6.164796829223633"
"327070.0";"-6.482845306396484"
"327071.0";"-6.706312656402588"
"327072.0";"-7.5136895179748535"
"327073.0";"-7.739368438720703"
"327074.0";"-7.197729587554932"
"327075.0";"-7.740636825561523"
"327076.0";"-8.154404640197754"
"327077.0";"-8.244248390197754"
"327078.0";"-8.14724063873291"
"327079.0";"-8.923908233642578"
"327080.0";"-8.420315742492676"
"327081.0";"-8.770233154296875"
"327082.0";"-8.980605125427246"
"327083.0";"-9.441216468811035"
"327084.0";"-9.29015827178955"
"327085.0";"-9.07677173614502"
"327086.0";"-9.3923978805542"
"327087.0";"-9.654877662658691"
"327088.0";"-9.708403587341309"
"327089.0";"-9.616128921508789"
"327090.0";"-9.8976411819458"
"327091.0";"-9.897896766662598"
"327092.0";"-10.25367259979248"
"327093.0";"-10.437339782714844"
"327094.0";"-10.219252586364746"
"327095.0";"-10.249215126037598"
"327096.0";"-10.726309776306152"
"327097.0";"-11.090593338012695"
"327098.0";"-11.31774616241455"
"327099.0";"-11.402364730834961"
"327100.0";"-11.198702812194824"
"327101.0";"-11.334904670715332"
"327102.0";"-11.948225975036621"
"327103.0";"-12.492661476135254"
"327104.0";"-12.167941093444824"
"327105.0";"-12.421401023864746"
"327106.0";"-13.091917991638184"
"327107.0";"-13.039523124694824"
"327108.0";"-13.496337890625"
"327109.0";"-14.35171890258789"
"327110.0";"-14.746564865112305"
"327111.0";"-14.9025297164917"
"327112.0";"-15.592461585998535"
"327113.0";"-15.784655570983887"
"327114.0";"-16.791282653808594"
"327115.0";"-17.52593994140625"
"327116.0";"-18.371292114257812"
"327117.0";"-18.163955688476562"
"327118.0";"-18.29099464416504"
"327119.0";"-18.942405700683594"
"327120.0";"-20.7625675201416"
"327121.0";"-20.287961959838867"
"327122.0";"-20.135225296020508"
"327123.0";"-20.23992156982422"
"327124.0";"-21.03549575805664"
"327125.0";"-19.90021324157715"
"327126.0";"-18.742958068847656"
"327127.0";"-18.742958068847656"
"327128.0";"-16.218006134033203"
"327129.0";"-14.284358978271484"
"327130.0";"-12.628788948059082"
"327131.0";"-11.893845558166504"
"327132.0";"-8.333035469055176"
"327133.0";"-5.1222357749938965"
"327134.0";"-3.2083518505096436"
"327135.0";"-1.742418885231018"
"327136.0";"0.0109202079474926"
"327137.0";"0.5476932525634766"
"327138.0";"1.7071729898452759"
"327139.0";"2.365124464035034"
"327140.0";"4.992248058319092"
"327141.0";"5.533685207366943"
"327142.0";"5.387859344482422"
"327143.0";"6.202210903167725"
"327144.0";"7.198093414306641"
"327145.0";"7.9278340339660645"
"327146.0";"7.190612316131592"
"327147.0";"7.2663254737854"
"327148.0";"8.108476638793945"
"327149.0";"8.541447639465332"
"327150.0";"8.129298210144043"
"327151.0";"8.116409301757812"
"327152.0";"8.180744171142578"
"327153.0";"8.521513938903809"
"327154.0";"10.307063102722168"
"327155.0";"8.37765884399414"
"327156.0";"8.37765884399414"
"327157.0";"8.775494575500488"
"327158.0";"9.935872077941895"
"327159.0";"9.52380084991455"
"327160.0";"9.141291618347168"
"327161.0";"9.310885429382324"
"327162.0";"9.713420867919922"
"327163.0";"9.766132354736328"
"327164.0";"9.751602172851562"
"327165.0";"9.761882781982422"
"327166.0";"9.922696113586426"
"327167.0";"10.207978248596191"
"327168.0";"10.441374778747559"
"327169.0";"10.878822326660156"
"327170.0";"10.1032075881958"
"327171.0";"10.492058753967285"
"327172.0";"11.493084907531738"
"327173.0";"11.65206527709961"
"327174.0";"10.8721284866333"
"327175.0";"11.360240936279297"
"327176.0";"11.595378875732422"
"327177.0";"11.175464630126953"
"327178.0";"11.126762390136719"
"327179.0";"12.690929412841797"
"327180.0";"12.90169620513916"
"327181.0";"12.387142181396484"
"327182.0";"12.643906593322754"
"327183.0";"13.3284330368042"
"327184.0";"14.103588104248047"
"327185.0";"13.992053031921387"
"327186.0";"14.25728702545166"
"327187.0";"15.427253723144531"
"327188.0";"16.235759735107422"
"327189.0";"17.134326934814453"
"327190.0";"17.269309997558594"
"327191.0";"17.471511840820312"
"327192.0";"18.309276580810547"
"327193.0";"19.242767333984375"
"327194.0";"20.07969093322754"
"327195.0";"20.170095443725586"
"327196.0";"20.304088592529297"
"327197.0";"21.196874618530273"
"327198.0";"21.666505813598633"
"327199.0";"21.003686904907227"
"327200.0";"20.577245712280273"
"327201.0";"20.81122398376465"
"327202.0";"20.99234962463379"
"327203.0";"18.74890899658203"
"327204.0";"15.380894660949707"
"327205.0";"13.454106330871582"
"327206.0";"12.144740104675293"
"327207.0";"9.545110702514648"
"327208.0";"6.796699523925781"
"327209.0";"4.446714878082275"
"327210.0";"1.574991226196289"
"327211.0";"0.6623547673225403"
"327212.0";"0.05036862567067146"
"327213.0";"-1.8478177785873413"
"327214.0";"-2.7126426696777344"
"327215.0";"-3.1658713817596436"
"327216.0";"-4.042852878570557"
"327217.0";"-5.912600994110107"
"327218.0";"-5.761826992034912"
"327219.0";"-5.506145000457764"
"327220.0";"-6.368927001953125"
"327221.0";"-7.305943012237549"
"327222.0";"-7.417835712432861"
"327223.0";"-7.167423248291016"
"327224.0";"-7.443827152252197"
"327225.0";"-7.9354376792907715"
"327226.0";"-8.13151741027832"
"327227.0";"-8.11247730255127"
"327228.0";"-8.239117622375488"
"327229.0";"-8.428889274597168"
"327230.0";"-8.644221305847168"
"327231.0";"-8.960023880004883"
"327232.0";"-8.925236701965332"
"327233.0";"-9.031484603881836"
"327234.0";"-9.179079055786133"
"327235.0";"-9.081522941589355"
"327236.0";"-9.541001319885254"
"327237.0";"-9.470634460449219"
"327238.0";"-9.383925437927246"
"327239.0";"-9.639989852905273"
"327240.0";"-10.150025367736816"
"327241.0";"-9.898245811462402"
"327242.0";"-9.791799545288086"
"327243.0";"-10.27765941619873"
"327244.0";"-10.51525592803955"
"327245.0";"-10.472309112548828"
"327246.0";"-10.37132453918457"
"327247.0";"-10.886126518249512"
"327248.0";"-11.134089469909668"
"327249.0";"-11.300063133239746"
"327250.0";"-11.179341316223145"
"327251.0";"-11.44631290435791"
"327252.0";"-11.64647388458252"
"327253.0";"-12.128668785095215"
"327254.0";"-12.492901802062988"
"327255.0";"-12.236302375793457"
"327256.0";"-12.402578353881836"
"327257.0";"-13.072880744934082"
"327258.0";"-13.656881332397461"
"327259.0";"-13.919173240661621"
"327260.0";"-14.133976936340332"
"327261.0";"-14.916410446166992"
"327262.0";"-15.491196632385254"
"327263.0";"-15.496479988098145"
"327264.0";"-16.221912384033203"
"327265.0";"-17.792781829833984"
"327266.0";"-18.0267333984375"
"327267.0";"-17.6922607421875"
"327268.0";"-18.675954818725586"
"327269.0";"-19.57288360595703"
"327270.0";"-19.62917709350586"
"327271.0";"-20.145427703857422"
"327272.0";"-20.366836547851562"
"327273.0";"-20.18776512145996"
"327274.0";"-20.695201873779297"
"327275.0";"-20.377395629882812"
"327276.0";"-20.058456420898438"
"327277.0";"-18.85523796081543"
"327278.0";"-16.59547996520996"
"327279.0";"-14.946447372436523"
"327280.0";"-13.478086471557617"
"327281.0";"-11.29031753540039"
"327282.0";"-9.929640769958496"
"327283.0";"-7.4372429847717285"
"327284.0";"-3.055880308151245"
"327285.0";"-1.5373471975326538"
"327286.0";"-1.5395551919937134"
"327287.0";"0.28128179907798767"
"327288.0";"2.455577850341797"
"327289.0";"2.43074107170105"
"327290.0";"2.742953062057495"
"327291.0";"5.278018474578857"
"327292.0";"6.1238884925842285"
"327293.0";"5.909575939178467"
"327294.0";"6.252376556396484"
"327295.0";"7.056400299072266"
"327296.0";"7.625213623046875"
"327297.0";"7.722296237945557"
"327298.0";"7.722296237945557"
"327299.0";"7.967418193817139"
"327300.0";"7.950509548187256"
"327301.0";"8.281777381896973"
"327302.0";"8.72325611114502"
"327303.0";"8.622235298156738"
"327304.0";"8.40514850616455"
"327305.0";"8.80468463897705"
"327306.0";"9.580107688903809"
"327307.0";"9.580107688903809"
"327308.0";"9.490616798400879"
"327309.0";"9.290580749511719"
"327310.0";"9.489418029785156"
"327311.0";"9.068031311035156"
"327312.0";"9.625492095947266"
"327313.0";"9.6841459274292"
"327314.0";"9.184284210205078"
"327315.0";"9.931804656982422"
"327316.0";"10.378551483154297"
"327317.0";"10.378551483154297"
"327318.0";"9.776686668395996"
"327319.0";"10.10706615447998"
"327320.0";"10.957443237304688"
"327321.0";"10.865890502929688"
"327322.0";"10.550747871398926"
"327323.0";"11.37062931060791"
"327324.0";"11.245537757873535"
"327325.0";"11.1399564743042"
"327326.0";"10.995277404785156"
"327327.0";"12.023280143737793"
"327328.0";"12.135505676269531"
"327329.0";"12.136956214904785"
"327330.0";"12.167449951171875"
"327331.0";"12.984026908874512"
"327332.0";"12.892158508300781"
"327333.0";"13.451481819152832"
"327334.0";"14.2106294631958"
"327335.0";"14.652125358581543"
"327336.0";"14.293606758117676"
"327337.0";"15.397758483886719"
"327338.0";"16.166452407836914"
"327339.0";"17.125017166137695"
"327340.0";"17.323198318481445"
"327341.0";"18.05391502380371"
"327342.0";"17.619041442871094"
"327343.0";"19.209556579589844"
"327344.0";"19.572044372558594"
"327345.0";"20.927597045898438"
"327346.0";"20.249521255493164"
"327347.0";"20.19923210144043"
"327348.0";"20.67793083190918"
"327349.0";"21.43903160095215"
"327350.0";"21.653963088989258"
"327351.0";"22.02224349975586"
"327352.0";"19.94583511352539"
"327353.0";"17.105676651000977"
"327354.0";"15.50864315032959"
"327355.0";"13.597887992858887"
"327356.0";"10.929988861083984"
"327357.0";"9.444018363952637"
"327358.0";"7.631114482879639"
"327359.0";"3.940948486328125"
"327360.0";"1.774271011352539"
"327361.0";"0.9921429753303528"
"327362.0";"-0.13042894005775452"
"327363.0";"-2.6283905506134033"
"327364.0";"-2.0515377521514893"
"327365.0";"-2.795367479324341"
"327366.0";"-4.39396858215332"
"327367.0";"-5.856009006500244"
"327368.0";"-5.983837127685547"
"327369.0";"-5.329871654510498"
"327370.0";"-6.5558037757873535"
"327371.0";"-7.346412181854248"
"327372.0";"-7.297487735748291"
"327373.0";"-6.762627124786377"
"327374.0";"-7.490764617919922"
"327375.0";"-8.25721263885498"
"327376.0";"-8.180624961853027"
"327377.0";"-7.866203784942627"
"327378.0";"-8.292410850524902"
"327379.0";"-8.693376541137695"
"327380.0";"-8.750984191894531"
"327381.0";"-9.040275573730469"
"327382.0";"-9.26513385772705"
"327383.0";"-8.799615859985352"
"327384.0";"-8.650606155395508"
"327385.0";"-9.774711608886719"
"327386.0";"-9.910773277282715"
"327387.0";"-9.300954818725586"
"327388.0";"-9.407429695129395"
"327389.0";"-9.418213844299316"
"327390.0";"-9.81404972076416"
"327391.0";"-9.69421100616455"
"327392.0";"-9.75702953338623"
"327393.0";"-10.229549407958984"
"327394.0";"-10.786999702453613"
"327395.0";"-10.264321327209473"
"327396.0";"-10.511224746704102"
"327397.0";"-10.77454662322998"
"327398.0";"-10.895583152770996"
"327399.0";"-11.208102226257324"
"327400.0";"-11.503767967224121"
"327401.0";"-11.753571510314941"
"327402.0";"-11.335926055908203"
"327403.0";"-11.4780912399292"
"327404.0";"-12.385287284851074"
"327405.0";"-12.877634048461914"
"327406.0";"-12.771588325500488"
"327407.0";"-12.402328491210938"
"327408.0";"-13.500652313232422"
"327409.0";"-14.231037139892578"
"327410.0";"-14.011515617370605"
"327411.0";"-14.722813606262207"
"327412.0";"-15.8554048538208"
"327413.0";"-15.748941421508789"
"327414.0";"-16.285091400146484"
"327415.0";"-16.564661026000977"
"327416.0";"-18.030616760253906"
"327417.0";"-18.6494197845459"
"327418.0";"-18.879878997802734"
"327419.0";"-19.467037200927734"
"327420.0";"-20.288570404052734"
"327421.0";"-20.229290008544922"
"327422.0";"-19.398847579956055"
"327423.0";"-20.443767547607422"
"327424.0";"-21.84154510498047"
"327425.0";"-20.598047256469727"
"327426.0";"-19.27355194091797"
"327427.0";"-18.615732192993164"
"327428.0";"-17.449941635131836"
"327429.0";"-14.672344207763672"
"327430.0";"-13.462891578674316"
"327431.0";"-12.455184936523438"
"327432.0";"-9.030083656311035"
"327433.0";"-6.394258975982666"
"327434.0";"-4.1849365234375"
"327435.0";"-2.127739667892456"
"327436.0";"-0.4344755709171295"
"327437.0";"0.014202754013240337"
"327438.0";"1.247222900390625"
"327439.0";"3.019301176071167"
"327440.0";"4.049267292022705"
"327441.0";"4.288785934448242"
"327442.0";"5.305931091308594"
"327443.0";"6.587233066558838"
"327444.0";"6.909499645233154"
"327445.0";"7.163023471832275"
"327446.0";"7.160482883453369"
"327447.0";"7.06232213973999"
"327448.0";"7.728861331939697"
"327449.0";"8.506369590759277"
"327450.0";"8.138175010681152"
"327451.0";"7.883606910705566"
"327452.0";"8.253361701965332"
"327453.0";"8.530296325683594"
"327454.0";"9.156306266784668"
"327455.0";"8.915573120117188"
"327456.0";"9.226225852966309"
"327457.0";"9.21258544921875"
"327458.0";"9.257662773132324"
"327459.0";"9.115777015686035"
"327460.0";"9.417037963867188"
"327461.0";"9.528182029724121"
"327462.0";"9.383185386657715"
"327463.0";"9.489750862121582"
"327464.0";"9.659489631652832"
"327465.0";"9.815064430236816"
"327466.0";"9.80982494354248"
"327467.0";"10.136070251464844"
"327468.0";"10.272087097167969"
"327469.0";"10.23754596710205"
"327470.0";"10.311047554016113"
"327471.0";"10.627605438232422"
"327472.0";"11.074395179748535"
"327473.0";"10.948692321777344"
"327474.0";"11.124070167541504"
"327475.0";"11.48958683013916"
"327476.0";"11.503239631652832"
"327477.0";"11.801239013671875"
"327478.0";"12.131184577941895"
"327479.0";"12.039604187011719"
"327480.0";"12.322514533996582"
"327481.0";"12.819148063659668"
"327482.0";"13.08260726928711"
"327483.0";"13.4512939453125"
"327484.0";"13.883116722106934"
"327485.0";"13.914729118347168"
"327486.0";"14.547135353088379"
"327487.0";"15.513636589050293"
"327488.0";"15.747410774230957"
"327489.0";"15.81726360321045"
"327490.0";"17.0091495513916"
"327491.0";"18.00581932067871"
"327492.0";"18.46772575378418"
"327493.0";"18.857995986938477"
"327494.0";"19.243661880493164"
"327495.0";"19.862890243530273"
"327496.0";"20.37595558166504"
"327497.0";"20.608671188354492"
"327498.0";"21.146984100341797"
"327499.0";"21.789085388183594"
"327500.0";"21.865468978881836"
"327501.0";"20.928607940673828"
"327502.0";"19.63567543029785"
"327503.0";"18.321556091308594"
"327504.0";"16.63511085510254"
"327505.0";"14.191819190979004"
"327506.0";"12.29650592803955"
"327507.0";"10.82020378112793"
"327508.0";"8.430794715881348"
"327509.0";"4.814384460449219"
"327510.0";"1.9371038675308228"
"327511.0";"1.2415224313735962"
"327512.0";"0.10211753845214844"
"327513.0";"-1.0266050100326538"
"327514.0";"-1.9744218587875366"
"327515.0";"-2.667573928833008"
"327516.0";"-4.137587070465088"
"327517.0";"-5.494361877441406"
"327518.0";"-5.4760212898254395"
"327519.0";"-5.261499881744385"
"327520.0";"-6.303975582122803"
"327521.0";"-7.5151448249816895"
"327522.0";"-6.840785980224609"
"327523.0";"-6.840785980224609"
"327524.0";"-7.04904317855835"
"327525.0";"-8.153562545776367"
"327526.0";"-8.340609550476074"
"327527.0";"-8.228352546691895"
"327528.0";"-7.347879886627197"
"327529.0";"-8.370848655700684"
"327530.0";"-7.956544399261475"
"327531.0";"-9.231654167175293"
"327532.0";"-8.609013557434082"
"327533.0";"-8.62474536895752"
"327534.0";"-9.052593231201172"
"327535.0";"-9.343849182128906"
"327536.0";"-9.396273612976074"
"327537.0";"-9.79430866241455"
"327538.0";"-9.34878921508789"
"327539.0";"-9.610729217529297"
"327540.0";"-9.974936485290527"
"327541.0";"-10.120885848999023"
"327542.0";"-9.951468467712402"
"327543.0";"-10.16025447845459"
"327544.0";"-10.56360912322998"
"327545.0";"-10.72878360748291"
"327546.0";"-10.826681137084961"
"327547.0";"-10.653106689453125"
"327548.0";"-10.959348678588867"
"327549.0";"-10.838309288024902"
"327550.0";"-11.829136848449707"
"327551.0";"-12.000845909118652"
"327552.0";"-12.000845909118652"
"327553.0";"-11.089934349060059"
"327554.0";"-12.04082202911377"
"327555.0";"-12.119782447814941"
"327556.0";"-13.339340209960938"
"327557.0";"-13.081792831420898"
"327558.0";"-13.262630462646484"
"327559.0";"-12.904786109924316"
"327560.0";"-14.129217147827148"
"327561.0";"-14.737321853637695"
"327562.0";"-15.54507064819336"
"327563.0";"-15.520116806030273"
"327564.0";"-16.34136390686035"
"327565.0";"-16.218318939208984"
"327566.0";"-17.16709327697754"
"327567.0";"-17.921417236328125"
"327568.0";"-19.2237606048584"
"327569.0";"-19.269073486328125"
"327570.0";"-18.57071304321289"
"327571.0";"-19.903276443481445"
"327572.0";"-20.634765625"
"327573.0";"-19.853906631469727"
"327574.0";"-19.974550247192383"
"327575.0";"-20.508251190185547"
"327576.0";"-20.371410369873047"
"327577.0";"-19.978960037231445"
"327578.0";"-18.192567825317383"
"327579.0";"-15.059303283691406"
"327580.0";"-13.247658729553223"
"327581.0";"-12.96472454071045"
"327582.0";"-11.703116416931152"
"327583.0";"-8.326465606689453"
"327584.0";"-4.361732482910156"
"327585.0";"-1.5857568979263306"
"327586.0";"-1.6185684204101562"
"327587.0";"-1.1256242990493774"
"327588.0";"1.2539703845977783"
"327589.0";"2.470350980758667"
"327590.0";"3.325653076171875"
"327591.0";"3.855558395385742"
"327592.0";"5.734046459197998"
"327593.0";"6.70183801651001"
"327594.0";"6.40612268447876"
"327595.0";"6.690253734588623"
"327596.0";"7.1977362632751465"
"327597.0";"8.15247631072998"
"327598.0";"7.186690807342529"
"327599.0";"7.4673686027526855"
